sector;itr
Energy;2.8153192105711415
Finance;2.6996127013720246
Healthcare;2.3779738293761348
Industrials;2.9452174401158517
Materials;3.0079693407009063
Tech;2.909606978574599
