asset_class;itr
Corporate Bonds;2.6392438419188933
Corporate Loans;2.9031834904785985
Listed Equity;2.8650000987999418
