country;indicator
France;461028573.1085515
Netherlands;13529560.389461897
