sector;indicator
Automotive;177904339.59280366
Communication Services;579453.556311209
Consumer Discretionary;243497.93103448278
Consumer Staples;24561659.270278748
Energy;172954771.56194994
Financials;13876559.546011472
Healthcare;3026697.9945307807
Industrials;42247514.03417432
Luxury;2852955.1592111913
Technology;12016648.90800221
Telecom;6776920.642363146
Utilities;17517115.3013422
